DATA,UNIDADE,PRECO
2017-01-18,arroba,107.0
2017-01-19,arroba,107.0
2017-01-20,arroba,107.0
2017-01-23,arroba,107.0
2017-01-24,arroba,107.0
2017-01-25,arroba,107.0
2017-01-26,arroba,107.0
2017-01-27,arroba,107.0
2017-01-30,arroba,107.0
2017-02-01,arroba,107.0
2017-02-02,arroba,107.0
2017-02-03,arroba,91.8
2017-02-06,arroba,91.8
2017-02-07,arroba,91.8
2017-02-08,arroba,91.8
2017-02-09,arroba,91.8
2017-02-10,arroba,107.0
2017-02-13,arroba,91.8
2017-02-14,arroba,90.79
2017-02-15,arroba,90.79
2017-02-16,arroba,90.79
2017-02-17,arroba,90.79
2017-02-20,arroba,90.79
2017-02-21,arroba,90.79
2017-02-22,arroba,90.79
2017-02-23,arroba,90.79
2017-03-02,arroba,90.29
2017-03-03,arroba,90.29
2017-03-06,arroba,90.29
2017-03-07,arroba,90.29
2017-03-08,arroba,90.29
2017-03-09,arroba,90.29
2017-03-10,arroba,90.29
2017-03-13,arroba,90.29
2017-03-14,arroba,90.29
2017-03-15,arroba,90.29
2017-03-16,arroba,90.96
2017-03-17,arroba,90.96
2017-03-20,arroba,90.96
2017-03-21,arroba,89.28
2017-03-22,arroba,89.28
2017-03-23,arroba,89.28
2017-03-24,arroba,89.28
2017-03-27,arroba,89.28
2017-03-28,arroba,89.28
2017-03-29,arroba,89.28
2017-03-30,arroba,89.28
2017-03-31,arroba,89.28
2017-04-03,arroba,89.28
2017-04-04,arroba,89.28
2017-04-05,arroba,89.28
2017-04-06,arroba,89.28
2017-04-07,arroba,89.28
2017-04-10,arroba,89.28
2017-04-11,arroba,89.28
2017-04-12,arroba,89.28
2017-04-13,arroba,89.28
2017-04-18,arroba,89.28
2017-04-19,arroba,89.28
2017-04-20,arroba,89.28
2017-04-24,arroba,89.28
2017-04-25,arroba,89.28
2017-04-26,arroba,89.28
2017-04-27,arroba,89.28
2017-05-02,arroba,89.28
2017-05-03,arroba,89.28
2017-05-04,arroba,89.28
2017-05-05,arroba,89.28
2017-05-08,arroba,89.28
2017-05-09,arroba,89.28
2017-05-10,arroba,89.28
2017-05-11,arroba,89.28
2017-05-12,arroba,89.28
2017-05-15,arroba,89.28
2017-05-16,arroba,89.28
2017-05-17,arroba,89.28
2017-05-18,arroba,89.28
2017-05-18,arroba,89.28
2017-05-19,arroba,89.28
2017-05-19,arroba,89.28
2017-05-22,arroba,89.28
2017-05-23,arroba,89.28
2017-05-24,arroba,89.28
2017-05-25,arroba,89.28
2017-05-26,arroba,89.28
2017-05-29,arroba,89.28
2017-05-30,arroba,89.28
2017-05-31,arroba,89.28
2017-06-01,arroba,89.28
2017-06-02,arroba,89.28
2017-06-05,arroba,89.28
2017-06-06,arroba,89.28
2017-06-07,arroba,89.28
2017-06-08,arroba,89.28
2017-06-09,arroba,89.28
2017-06-12,arroba,95.01
2017-06-13,arroba,95.01
2017-06-14,arroba,95.01
2017-06-19,arroba,95.01
2017-06-20,arroba,95.01
2017-06-21,arroba,95.01
2017-06-22,arroba,95.01
2017-06-26,arroba,95.01
2017-06-27,arroba,95.01
2017-06-28,arroba,95.01
2017-06-29,arroba,87.59
2017-06-30,arroba,87.59
2017-07-03,arroba,87.59
2017-07-04,arroba,87.59
2017-07-05,arroba,87.59
2017-07-06,arroba,84.23
2017-07-07,arroba,84.23
2017-07-10,arroba,84.23
2017-07-11,arroba,84.23
2017-07-12,arroba,84.23
2017-07-13,arroba,87.88
2017-07-14,arroba,87.88
2017-07-17,arroba,87.88
2017-07-18,arroba,87.88
2017-07-19,arroba,87.88
2017-07-20,arroba,87.88
2017-07-21,arroba,87.88
2017-07-24,arroba,87.88
2017-07-25,arroba,87.88
2017-07-26,arroba,87.88
2017-07-27,arroba,87.88
2017-07-28,arroba,87.88
2017-07-31,arroba,87.88
2017-08-01,arroba,87.88
2017-08-02,arroba,87.88
2017-08-03,arroba,87.88
2017-08-04,arroba,87.88
2017-08-07,arroba,87.88
2017-08-08,arroba,87.88
2017-08-09,arroba,87.88
2017-08-10,arroba,87.88
2017-08-11,arroba,87.88
2017-08-14,arroba,87.88
2017-08-15,arroba,87.88
2017-08-16,arroba,87.88
2017-08-17,arroba,87.88
2017-08-18,arroba,87.88
2017-08-21,arroba,87.88
2017-08-22,arroba,87.88
2017-08-23,arroba,87.88
2017-08-24,arroba,87.88
2017-08-25,arroba,87.88
2017-08-28,arroba,87.88
2017-08-29,arroba,81.53
2017-08-30,arroba,81.53
2017-08-31,arroba,81.53
2017-09-01,arroba,81.53
2017-09-04,arroba,81.53
2017-09-05,arroba,81.53
2017-09-06,arroba,81.53
2017-09-11,arroba,81.53
2017-09-12,arroba,81.53
2017-09-13,arroba,81.53
2017-09-14,arroba,81.53
2017-09-15,arroba,81.53
2017-09-18,arroba,81.53
2017-09-19,arroba,81.53
2017-09-20,arroba,81.53
2017-09-21,arroba,81.53
2017-09-22,arroba,81.53
2017-09-25,arroba,80.69
2017-09-26,arroba,80.69
2017-09-27,arroba,80.69
2017-09-28,arroba,80.69
2017-09-29,arroba,80.69
2017-10-02,arroba,80.69
2017-10-03,arroba,80.69
2017-10-04,arroba,80.69
2017-10-05,arroba,80.69
2017-10-06,arroba,80.69
2017-10-09,arroba,80.69
2017-10-10,arroba,80.69
2017-10-11,arroba,80.69
2017-10-16,arroba,80.69
2017-10-17,arroba,80.69
2017-10-18,arroba,80.69
2017-10-19,arroba,80.69
2017-10-20,arroba,80.69
2017-10-23,arroba,80.69
2017-10-24,arroba,80.69
2017-10-25,arroba,80.69
2017-10-26,arroba,80.69
2017-10-27,arroba,80.69
2017-10-30,arroba,80.69
2017-10-31,arroba,80.69
2017-11-01,arroba,80.69
2017-11-06,arroba,80.69
2017-11-07,arroba,81.19
2017-11-08,arroba,81.19
2017-11-09,arroba,81.19
2017-11-10,arroba,81.19
2017-11-13,arroba,81.19
2017-11-14,arroba,81.19
2017-11-16,arroba,81.19
2017-11-17,arroba,81.19
2017-11-20,arroba,81.37
2017-11-21,arroba,81.37
2017-11-22,arroba,81.37
2017-11-23,arroba,81.37
2017-11-24,arroba,81.37
2017-11-27,arroba,81.37
2017-11-28,arroba,81.37
2017-11-29,arroba,81.37
2017-11-30,arroba,81.37
2017-12-01,arroba,81.37
2017-12-04,arroba,79.17
2017-12-05,arroba,79.17
2017-12-06,arroba,79.17
2017-12-07,arroba,79.17
2017-12-11,arroba,79.17
2017-12-12,arroba,79.17
2017-12-13,arroba,79.17
2017-12-14,arroba,79.17
2017-12-15,arroba,79.17
2017-12-18,arroba,79.17
2017-12-19,arroba,79.17
2017-12-20,arroba,79.17
2017-12-21,arroba,79.17
2017-12-22,arroba,79.17
2017-12-26,arroba,79.17
2017-12-27,arroba,79.17
2017-12-28,arroba,79.17
2017-12-29,arroba,79.17
2018-01-02,arroba,79.17
2018-01-03,arroba,79.17
2018-01-04,arroba,79.17
2018-01-05,arroba,79.17
2018-01-08,arroba,83.55
2018-01-09,arroba,83.55
2018-01-10,arroba,83.55
2018-01-11,arroba,83.55
2018-01-12,arroba,83.55
2018-01-15,arroba,83.55
2018-01-16,arroba,83.55
2018-01-17,arroba,83.55
2018-01-18,arroba,83.55
2018-01-19,arroba,83.55
2018-01-22,arroba,83.55
2018-01-23,arroba,83.55
2018-01-24,arroba,83.55
2018-01-25,arroba,83.55
2018-01-26,arroba,83.55
2018-01-29,arroba,83.55
2018-01-30,arroba,83.55
2018-01-31,arroba,83.55
2018-02-01,arroba,83.55
2018-02-02,arroba,83.55
2018-02-05,arroba,91.43
2018-02-06,arroba,91.43
2018-02-07,arroba,91.43
2018-02-08,arroba,91.43
2018-02-15,arroba,91.43
2018-02-16,arroba,91.43
2018-02-19,arroba,91.43
2018-02-20,arroba,91.43
2018-02-21,arroba,91.43
2018-02-22,arroba,91.43
2018-02-23,arroba,91.43
2018-02-26,arroba,91.43
2018-02-27,arroba,91.77
2018-02-28,arroba,91.77
2018-03-01,arroba,91.77
2018-03-02,arroba,91.77
2018-03-05,arroba,91.77
2018-03-06,arroba,91.77
2018-03-07,arroba,91.77
2018-03-08,arroba,91.77
2018-03-09,arroba,91.77
2018-03-12,arroba,91.77
2018-03-13,arroba,91.77
2018-03-14,arroba,91.77
2018-03-15,arroba,91.77
2018-03-16,arroba,91.77
2018-03-19,arroba,91.77
2018-03-20,arroba,91.77
2018-03-21,arroba,91.77
2018-03-22,arroba,91.77
2018-03-23,arroba,91.77
2018-03-26,arroba,91.77
2018-03-27,arroba,91.77
2018-03-28,arroba,91.77
2018-03-29,arroba,91.77
2018-04-02,arroba,91.77
2018-04-03,arroba,91.77
2018-04-04,arroba,91.77
2018-04-05,arroba,91.77
2018-04-06,arroba,91.77
2018-04-09,arroba,91.77
2018-04-10,arroba,91.77
2018-04-11,arroba,91.77
2018-04-12,arroba,91.77
2018-04-13,arroba,91.77
2018-04-16,arroba,91.77
2018-04-17,arroba,91.77
2018-04-18,arroba,99.93
2018-04-19,arroba,99.93
2018-04-20,arroba,99.93
2018-04-23,arroba,99.93
2018-04-24,arroba,99.93
2018-04-25,arroba,99.93
2018-04-26,arroba,99.93
2018-04-27,arroba,99.93
2018-05-02,arroba,99.93
2018-05-03,arroba,99.93
2018-05-04,arroba,99.93
2018-05-07,arroba,99.93
2018-05-08,arroba,99.93
2018-05-09,arroba,107.92
2018-05-10,arroba,107.92
2018-05-11,arroba,107.92
2018-05-14,arroba,107.92
2018-05-15,arroba,107.92
2018-05-16,arroba,110.47
2018-05-17,arroba,110.47
2018-05-18,arroba,110.47
2018-05-21,arroba,111.66
2018-05-22,arroba,111.66
2018-05-23,arroba,111.66
2018-05-24,arroba,111.66
2018-05-25,arroba,111.66
2018-05-28,arroba,111.66
2018-05-29,arroba,111.66
2018-05-30,arroba,112.17
2018-06-04,arroba,112.17
2018-06-05,arroba,112.17
2018-06-06,arroba,112.17
2018-06-07,arroba,112.17
2018-06-08,arroba,112.17
2018-06-11,arroba,112.17
2018-06-12,arroba,115.57
2018-06-13,arroba,115.57
2018-06-14,arroba,115.57
2018-06-15,arroba,115.57
2018-06-18,arroba,115.57
2018-06-19,arroba,115.57
2018-06-20,arroba,110.13
2018-06-21,arroba,110.13
2018-06-25,arroba,114.38
2018-06-26,arroba,114.38
2018-06-27,arroba,114.38
2018-06-28,arroba,114.38
2018-06-29,arroba,114.38
2018-07-03,arroba,111.32
2018-07-04,arroba,108.77
2018-07-05,arroba,108.77
2018-07-06,arroba,108.77
2018-07-09,arroba,108.77
2018-07-10,arroba,110.17
2018-07-11,arroba,110.17
2018-07-12,arroba,112.17
2018-07-13,arroba,112.17
2018-07-16,arroba,112.17
2018-07-17,arroba,107.92
2018-07-18,arroba,103.67
2018-07-19,arroba,113.87
2018-07-20,arroba,107.92
2018-07-23,arroba,107.92
2018-07-24,arroba,107.92
2018-07-25,arroba,107.92
2018-07-26,arroba,107.92
2018-07-27,arroba,107.92
2018-07-30,arroba,107.92
2018-07-31,arroba,107.92
2018-08-01,arroba,107.58
2018-08-02,arroba,101.29
2018-08-03,arroba,101.29
2018-08-06,arroba,101.29
2018-08-07,arroba,107.07
2018-08-08,arroba,107.07
2018-08-09,arroba,107.07
2018-08-10,arroba,107.07
2018-08-13,arroba,107.07
2018-08-14,arroba,107.07
2018-08-15,arroba,103.67
2018-08-16,arroba,103.67
2018-08-17,arroba,103.67
2018-08-20,arroba,107.07
2018-08-21,arroba,107.07
2018-08-22,arroba,107.07
2018-08-23,arroba,107.07
2018-08-24,arroba,107.07
2018-08-27,arroba,107.07
2018-08-28,arroba,107.07
2018-08-29,arroba,107.07
2018-08-30,arroba,107.07
2018-08-31,arroba,107.07
2018-09-03,arroba,107.07
2018-09-04,arroba,107.07
2018-09-05,arroba,107.07
2018-09-06,arroba,107.07
2018-09-10,arroba,105.37
2018-09-11,arroba,105.37
2018-09-12,arroba,105.37
2018-09-13,arroba,101.97
2018-09-14,arroba,101.97
2018-09-17,arroba,101.97
2018-09-18,arroba,103.67
2018-09-19,arroba,103.67
2018-09-20,arroba,103.67
2018-09-21,arroba,89.28
2018-09-24,arroba,89.28
2018-09-25,arroba,89.28
2018-09-26,arroba,89.28
2018-09-27,arroba,89.28
2018-09-28,arroba,89.28
2018-10-01,arroba,89.28
2018-10-02,arroba,89.28
2018-10-03,arroba,89.28
2018-10-04,arroba,89.28
2018-10-05,arroba,89.28
2018-10-08,arroba,89.28
2018-10-09,arroba,89.28
2018-10-10,arroba,89.28
2018-10-11,arroba,89.28
2018-10-15,arroba,89.28
2018-10-16,arroba,89.28
2018-10-17,arroba,89.28
2018-10-18,arroba,89.28
2018-10-19,arroba,89.28
2018-10-22,arroba,89.28
2018-10-23,arroba,89.28
2018-10-24,arroba,89.28
2018-10-25,arroba,89.28
2018-10-26,arroba,89.28
2018-10-29,arroba,89.28
2018-10-30,arroba,89.28
2018-10-31,arroba,89.28
2018-11-01,arroba,89.28
2018-11-05,arroba,89.28
2018-11-06,arroba,89.28
2018-11-07,arroba,89.28
2018-11-08,arroba,89.28
2018-11-09,arroba,89.28
2018-11-12,arroba,89.28
2018-11-13,arroba,89.28
2018-11-14,arroba,89.28
2018-11-19,arroba,89.28
2018-11-20,arroba,89.28
2018-11-21,arroba,89.28
2018-11-22,arroba,89.28
2018-11-23,arroba,89.28
2018-11-26,arroba,89.28
2018-11-27,arroba,89.28
2018-11-28,arroba,89.28
2018-11-29,arroba,89.28
2018-11-30,arroba,89.28
2018-12-03,arroba,89.28
2018-12-04,arroba,89.28
2018-12-05,arroba,89.28
2018-12-06,arroba,89.28
2018-12-07,arroba,89.28
2018-12-10,arroba,89.28
2018-12-11,arroba,89.28
2018-12-12,arroba,89.28
2018-12-13,arroba,89.28
2018-12-14,arroba,89.28
2018-12-17,arroba,89.28
2018-12-18,arroba,89.28
2018-12-19,arroba,89.28
2018-12-20,arroba,89.28
2018-12-21,arroba,89.28
2018-12-26,arroba,89.28
2018-12-27,arroba,89.28
2018-12-28,arroba,89.28
2019-01-02,arroba,89.28
2019-01-03,arroba,89.28
2019-01-04,arroba,89.28
2019-01-07,arroba,89.28
2019-01-08,arroba,89.28
2019-01-09,arroba,89.28
2019-01-10,arroba,89.28
2019-01-11,arroba,89.28
2019-01-14,arroba,89.28
2019-01-15,arroba,89.28
2019-01-16,arroba,89.28
2019-01-18,arroba,89.28
2019-01-21,arroba,89.28
2019-01-22,arroba,89.28
2019-01-23,arroba,89.28
2019-01-24,arroba,89.28
2019-01-25,arroba,89.28
2019-01-28,arroba,89.28
2019-01-29,arroba,89.28
2019-01-30,arroba,89.28
2019-01-31,arroba,89.28
2019-02-01,arroba,89.28
2019-02-04,arroba,89.28
2019-02-05,arroba,89.28
2019-02-06,arroba,89.28
2019-02-07,arroba,89.28
2019-02-08,arroba,89.28
2019-02-11,arroba,89.28
2019-02-12,arroba,89.28
2019-02-13,arroba,89.28
2019-02-14,arroba,89.28
2019-02-15,arroba,89.28
2019-02-18,arroba,89.28
2019-02-19,arroba,89.28
2019-02-20,arroba,89.28
2019-02-21,arroba,89.28
2019-02-22,arroba,89.28
2019-02-25,arroba,89.28
2019-02-26,arroba,89.28
2019-02-27,arroba,89.28
2019-02-28,arroba,89.28
2019-03-07,arroba,89.28
2019-03-08,arroba,89.28
2019-03-11,arroba,89.28
2019-03-12,arroba,89.28
2019-03-13,arroba,89.28
2019-03-14,arroba,89.28
2019-03-15,arroba,95.15
2019-03-18,arroba,95.17
2019-03-19,arroba,95.17
2019-03-20,arroba,95.17
2019-03-21,arroba,95.17
2019-03-22,arroba,91.17
2019-03-25,arroba,92.45
2019-03-26,arroba,92.45
2019-03-27,arroba,92.45
2019-03-28,arroba,92.45
2019-03-29,arroba,92.45
2019-04-01,arroba,92.45
2019-04-02,arroba,92.45
2019-04-03,arroba,95.17
2019-04-04,arroba,95.17
2019-04-05,arroba,95.17
2019-04-08,arroba,95.17
2019-04-09,arroba,100.27
2019-04-10,arroba,100.27
2019-04-11,arroba,100.27
2019-04-12,arroba,94.49
2019-04-15,arroba,94.49
2019-04-16,arroba,94.49
2019-04-17,arroba,99.25
2019-04-18,arroba,99.25
2019-04-22,arroba,99.25
2019-04-23,arroba,99.25
2019-04-24,arroba,99.25
2019-04-25,arroba,99.25
2019-04-26,arroba,99.25
2019-04-29,arroba,99.25
2019-04-30,arroba,99.25
2019-05-02,arroba,100.27
2019-05-03,arroba,100.27
2019-05-06,arroba,100.27
2019-05-07,arroba,100.27
2019-05-08,arroba,100.27
2019-05-09,arroba,100.27
2019-05-10,arroba,100.27
2019-05-13,arroba,100.27
2019-05-14,arroba,100.27
2019-05-15,arroba,100.27
2019-05-16,arroba,100.27
2019-05-17,arroba,100.27
2019-05-20,arroba,100.27
2019-05-21,arroba,100.27
2019-05-22,arroba,100.27
2019-05-23,arroba,100.27
2019-05-24,arroba,100.27
2019-05-27,arroba,100.27
2019-05-28,arroba,100.27
2019-05-29,arroba,100.27
2019-05-30,arroba,100.27
2019-06-03,arroba,93.47
2019-06-04,arroba,93.47
2019-06-05,arroba,93.47
2019-06-06,arroba,93.47
2019-06-07,arroba,93.47
2019-06-10,arroba,93.47
2019-06-11,arroba,93.47
2019-06-12,arroba,88.37
2019-06-13,arroba,88.37
2019-06-17,arroba,88.37
2019-06-18,arroba,88.37
2019-06-19,arroba,88.37
2019-06-25,arroba,88.37
2019-06-26,arroba,88.37
2019-06-27,arroba,88.37
2019-06-28,arroba,88.37
2019-07-03,arroba,88.37
2019-07-04,arroba,88.37
2019-07-05,arroba,88.37
2019-07-08,arroba,88.37
2019-07-09,arroba,88.37
2019-07-10,arroba,88.37
2019-07-11,arroba,88.37
2019-07-12,arroba,88.37
2019-07-15,arroba,88.37
2019-07-16,arroba,88.37
2019-07-17,arroba,88.37
2019-07-18,arroba,83.28
2019-07-19,arroba,83.28
2019-07-22,arroba,83.28
2019-07-23,arroba,83.28
2019-07-24,arroba,83.28
2019-07-25,arroba,83.28
2019-07-26,arroba,83.28
2019-07-29,arroba,83.28
2019-07-30,arroba,84.28
2019-07-31,arroba,84.28
2019-08-01,arroba,84.28
2019-08-02,arroba,85.31
2019-08-05,arroba,85.31
2019-08-06,arroba,85.31
2019-08-07,arroba,83.96
2019-08-08,arroba,83.96
2019-08-09,arroba,83.96
2019-08-12,arroba,83.96
2019-08-13,arroba,84.3
2019-08-14,arroba,84.3
2019-08-15,arroba,84.3
2019-08-16,arroba,84.3
2019-08-19,arroba,84.3
2019-08-20,arroba,81.78
2019-08-21,arroba,81.58
2019-08-22,arroba,81.58
2019-08-23,arroba,81.58
2019-08-26,arroba,81.58
2019-08-27,arroba,81.58
2019-08-28,arroba,81.58
2019-08-29,arroba,81.58
2019-08-30,arroba,81.58
2019-09-02,arroba,81.58
2019-09-03,arroba,81.58
2019-09-04,arroba,72.06
2019-09-05,arroba,72.06
2019-09-06,arroba,72.0
2019-09-09,arroba,72.0
2019-09-10,arroba,72.0
2019-09-11,arroba,72.0
2019-09-12,arroba,79.88
2019-09-13,arroba,79.88
2019-09-16,arroba,79.88
2019-09-17,arroba,84.98
2019-09-18,arroba,84.98
2019-09-19,arroba,84.98
2019-09-20,arroba,84.98
2019-09-23,arroba,84.98
2019-09-24,arroba,84.98
2019-09-25,arroba,84.98
2019-09-26,arroba,84.98
2019-09-27,arroba,84.98
2019-09-30,arroba,83.28
2019-10-01,arroba,83.28
2019-10-02,arroba,83.28
2019-10-03,arroba,83.28
2019-10-04,arroba,83.28
2019-10-07,arroba,83.28
2019-10-08,arroba,83.28
2019-10-09,arroba,84.98
2019-10-10,arroba,84.98
2019-10-11,arroba,84.98
2019-10-14,arroba,84.98
2019-10-15,arroba,84.98
2019-10-16,arroba,84.98
2019-10-17,arroba,84.98
2019-10-18,arroba,84.98
2019-10-21,arroba,84.98
2019-10-22,arroba,79.98
2019-10-23,arroba,84.98
2019-10-24,arroba,84.98
2019-10-25,arroba,84.98
2019-10-29,arroba,84.98
2019-10-30,arroba,84.98
2019-10-31,arroba,88.37
2019-11-01,arroba,88.37
2019-11-04,arroba,88.37
2019-11-05,arroba,88.37
2019-11-06,arroba,88.37
2019-11-07,arroba,88.37
2019-11-08,arroba,88.37
2019-11-11,arroba,88.37
2019-11-12,arroba,91.77
2019-11-13,arroba,91.77
2019-11-14,arroba,91.77
2019-11-18,arroba,91.77
2019-11-19,arroba,91.77
2019-11-20,arroba,91.77
2019-11-21,arroba,91.77
2019-11-22,arroba,91.77
2019-11-25,arroba,91.77
2019-11-26,arroba,91.77
2019-11-27,arroba,91.77
2019-11-28,arroba,90.07
2019-11-29,arroba,90.07
2019-12-02,arroba,90.07
2019-12-03,arroba,90.07
2019-12-04,arroba,95.17
2019-12-05,arroba,95.17
2019-12-06,arroba,95.17
2019-12-09,arroba,90.07
2019-12-10,arroba,94.15
2019-12-11,arroba,94.15
2019-12-12,arroba,94.15
2019-12-13,arroba,94.15
2019-12-16,arroba,94.15
2019-12-17,arroba,94.15
2019-12-18,arroba,94.15
2019-12-19,arroba,90.07
2019-12-20,arroba,90.07
2019-12-26,arroba,84.98
2019-12-27,arroba,84.98
2020-01-02,arroba,84.98
2020-01-03,arroba,84.98
2020-01-06,arroba,84.98
2020-01-07,arroba,84.98
2020-01-08,arroba,84.98
2020-01-09,arroba,84.98
2020-01-10,arroba,84.98
2020-01-13,arroba,86.98
2020-01-14,arroba,86.98
2020-01-15,arroba,86.98
2020-01-17,arroba,86.98
2020-01-20,arroba,90.07
2020-01-21,arroba,91.26
2020-01-22,arroba,91.26
2020-01-23,arroba,90.92
2020-01-24,arroba,90.92
2020-01-27,arroba,90.92
2020-01-28,arroba,94.32
2020-01-29,arroba,94.32
2020-01-30,arroba,94.66
2020-01-31,arroba,94.66
2020-02-03,arroba,94.66
2020-02-04,arroba,98.06
2020-02-05,arroba,98.06
2020-02-06,arroba,98.06
2020-02-07,arroba,94.66
2020-02-10,arroba,96.02
2020-02-11,arroba,96.02
2020-02-12,arroba,96.02
2020-02-13,arroba,95.68
2020-02-14,arroba,95.68
2020-02-17,arroba,95.68
2020-02-18,arroba,95.68
2020-02-19,arroba,95.68
2020-02-20,arroba,97.89
2020-02-27,arroba,97.89
2020-02-28,arroba,94.83
2020-03-02,arroba,94.83
2020-03-03,arroba,93.98
2020-03-04,arroba,97.38
2020-03-05,arroba,96.02
2020-03-06,arroba,96.53
2020-03-09,arroba,95.17
2020-03-10,arroba,95.17
2020-03-11,arroba,95.17
2020-03-12,arroba,95.17
2020-03-13,arroba,95.17
2020-03-16,arroba,99.08
2020-03-17,arroba,99.08
2020-03-18,arroba,99.08
2020-03-19,arroba,99.08
2020-03-19,arroba,99.08
2020-03-20,arroba,99.08
2020-03-20,arroba,99.08
2020-03-23,arroba,99.08
2020-03-23,arroba,99.08
2020-03-24,arroba,99.08
2020-03-24,arroba,99.08
2020-03-25,arroba,99.08
2020-03-25,arroba,99.08
2020-03-26,arroba,99.08
2020-03-26,arroba,99.08
2020-03-27,arroba,99.08
2020-03-27,arroba,99.08
2020-03-30,arroba,100.61
2020-03-31,arroba,100.61
2020-04-01,arroba,100.61
2020-04-02,arroba,100.61
2020-04-03,arroba,100.61
2020-04-06,arroba,100.61
2020-04-07,arroba,100.61
2020-04-08,arroba,100.61
2020-04-09,arroba,100.61
2020-04-14,arroba,100.61
2020-04-15,arroba,100.61
2020-04-16,arroba,100.61
2020-04-17,arroba,100.61
2020-04-20,arroba,100.61
2020-04-22,arroba,100.61
2020-04-23,arroba,100.61
2020-04-24,arroba,100.61
2020-04-24,arroba,100.61
2020-04-27,arroba,100.61
2020-04-27,arroba,100.61
2020-04-27,arroba,100.61
2020-04-28,arroba,100.61
2020-04-28,arroba,100.61
2020-04-28,arroba,100.61
2020-04-29,arroba,100.61
2020-04-29,arroba,100.61
2020-04-29,arroba,100.61
2020-04-30,arroba,100.61
2020-04-30,arroba,100.61
2020-04-30,arroba,100.61
2020-05-04,arroba,100.61
2020-05-04,arroba,100.61
2020-05-04,arroba,100.61
2020-05-05,arroba,100.61
2020-05-05,arroba,100.61
2020-05-06,arroba,100.61
2020-05-06,arroba,100.61
2020-05-06,arroba,100.61
2020-05-07,arroba,100.61
2020-05-07,arroba,100.61
2020-05-07,arroba,100.61
2020-05-08,arroba,100.61
2020-05-08,arroba,100.61
2020-05-08,arroba,100.61
2020-05-11,arroba,96.36
2020-05-12,arroba,96.36
2020-05-13,arroba,96.36
2020-05-14,arroba,96.36
2020-05-15,arroba,96.36
2020-05-18,arroba,96.36
2020-05-19,arroba,96.36
2020-05-20,arroba,96.36
2020-05-21,arroba,96.36
2020-05-22,arroba,96.36
2020-06-01,arroba,96.36
2020-06-02,arroba,96.36
2020-06-03,arroba,96.36
2020-06-04,arroba,96.36
2020-06-05,arroba,96.36
2020-06-08,arroba,96.36
2020-06-09,arroba,96.36
2020-06-10,arroba,96.36
2020-06-12,arroba,96.36
2020-06-15,arroba,96.36
2020-06-16,arroba,96.36
2020-06-17,arroba,96.36
2020-06-18,arroba,96.36
2020-06-19,arroba,96.36
2020-06-22,arroba,96.36
2020-06-23,arroba,96.36
2020-06-24,arroba,96.36
2020-06-25,arroba,96.36
2020-06-26,arroba,96.36
2020-06-29,arroba,96.36
2020-06-30,arroba,96.36
2020-07-01,arroba,96.36
2020-07-02,arroba,96.36
2020-07-03,arroba,96.36
2020-07-06,arroba,96.36
2020-07-07,arroba,93.47
2020-07-08,arroba,93.47
2020-07-09,arroba,93.47
2020-07-10,arroba,93.47
2020-07-13,arroba,93.47
2020-07-14,arroba,93.47
2020-07-15,arroba,93.47
2020-07-16,arroba,93.47
2020-07-17,arroba,93.47
2020-07-20,arroba,93.47
2020-07-21,arroba,93.47
2020-07-22,arroba,93.47
2020-07-23,arroba,93.47
2020-07-24,arroba,93.47
2020-07-27,arroba,93.47
2020-07-28,arroba,93.47
2020-07-29,arroba,93.47
2020-07-30,arroba,93.47
2020-07-31,arroba,93.47
2020-08-03,arroba,93.47
2020-08-04,arroba,93.47
2020-08-05,arroba,93.47
2020-08-06,arroba,93.47
2020-08-07,arroba,93.47
2020-08-10,arroba,93.47
2020-08-11,arroba,93.47
2020-08-12,arroba,93.47
2020-08-13,arroba,93.47
2020-08-14,arroba,101.97
2020-08-17,arroba,101.97
2020-08-18,arroba,101.97
2020-08-19,arroba,101.97
2020-08-20,arroba,101.97
2020-08-21,arroba,101.97
2020-08-24,arroba,101.97
2020-08-25,arroba,101.97
2020-08-26,arroba,105.37
2020-08-27,arroba,105.37
2020-08-28,arroba,105.37
2020-08-31,arroba,105.37
2020-09-01,arroba,114.69
2020-09-02,arroba,114.69
2020-09-03,arroba,108.77
2020-09-04,arroba,108.77
2020-09-08,arroba,107.92
2020-09-09,arroba,107.92
2020-09-10,arroba,107.92
2020-09-11,arroba,107.92
2020-09-14,arroba,107.92
2020-09-15,arroba,107.92
2020-09-16,arroba,108.67
2020-09-17,arroba,108.67
2020-09-18,arroba,108.67
2020-09-21,arroba,108.67
2020-09-22,arroba,108.67
2020-09-23,arroba,108.67
2020-09-24,arroba,108.67
2020-09-25,arroba,108.67
2020-09-28,arroba,107.92
2020-09-29,arroba,107.92
2020-09-30,arroba,107.92
2020-10-01,arroba,107.92
2020-10-02,arroba,107.92
2020-10-05,arroba,107.92
2020-10-06,arroba,107.92
2020-10-07,arroba,107.92
2020-10-08,arroba,107.92
2020-10-09,arroba,107.07
2020-10-13,arroba,107.07
2020-10-14,arroba,107.07
2020-10-15,arroba,108.07
2020-10-16,arroba,108.07
2020-10-19,arroba,113.02
2020-10-20,arroba,113.02
2020-10-21,arroba,113.02
2020-10-22,arroba,116.42
2020-10-23,arroba,116.42
2020-10-26,arroba,117.27
2020-10-27,arroba,117.27
2020-10-28,arroba,117.27
2020-10-29,arroba,117.27
2020-11-03,arroba,117.27
2020-11-04,arroba,117.27
2020-11-05,arroba,117.27
2020-11-06,arroba,117.27
2020-11-09,arroba,117.27
2020-11-10,arroba,130.86
2020-11-11,arroba,130.86
2020-11-12,arroba,124.06
2020-11-13,arroba,124.06
2020-11-16,arroba,124.0
2020-11-17,arroba,124.0
2020-11-18,arroba,124.0
2020-11-19,arroba,124.0
2020-11-20,arroba,124.06
2020-11-23,arroba,124.06
2020-11-24,arroba,129.16
2020-11-25,arroba,129.16
2020-11-26,arroba,129.16
2020-11-27,arroba,129.16
2020-11-30,arroba,129.16
2020-12-01,arroba,129.16
2020-12-02,arroba,129.16
2020-12-03,arroba,129.16
2020-12-04,arroba,129.16
2020-12-07,arroba,129.16
2020-12-08,arroba,129.16
2020-12-09,arroba,129.16
2020-12-10,arroba,129.16
2020-12-11,arroba,129.16
2020-12-14,arroba,129.16
2020-12-15,arroba,129.16
2020-12-16,arroba,129.16
2020-12-17,arroba,129.16
2020-12-18,arroba,129.16
2020-12-21,arroba,129.16
2020-12-22,arroba,129.16
2020-12-23,arroba,129.16
2020-12-28,arroba,132.56
2020-12-29,arroba,132.56
2020-12-30,arroba,132.56
2021-01-04,arroba,132.56
2021-01-05,arroba,132.56
2021-01-06,arroba,132.56
2021-01-07,arroba,132.56
2021-01-08,arroba,132.56
2021-01-12,arroba,132.56
2021-01-13,arroba,132.56
2021-01-14,arroba,149.56
2021-01-15,arroba,149.56
2021-01-18,arroba,149.56
2021-01-19,arroba,152.96
2021-01-20,arroba,152.96
2021-01-21,arroba,152.96
2021-01-22,arroba,152.96
2021-01-25,arroba,152.96
2021-01-26,arroba,152.96
2021-01-27,arroba,152.96
2021-01-28,arroba,152.96
2021-01-29,arroba,155.67
2021-02-01,arroba,155.67
2021-02-02,arroba,155.67
2021-02-03,arroba,155.67
2021-02-04,arroba,155.67
2021-02-05,arroba,155.67
2021-02-08,arroba,155.67
2021-02-09,arroba,155.67
2021-02-10,arroba,155.67
2021-02-11,arroba,155.67
2021-02-16,arroba,155.67
2021-02-17,arroba,155.67
2021-02-18,arroba,164.85
2021-02-19,arroba,164.85
2021-02-22,arroba,164.85
2021-02-23,arroba,169.95
2021-02-24,arroba,169.95
2021-02-25,arroba,169.95
2021-02-26,arroba,169.95
2021-03-01,arroba,169.95
2021-03-02,arroba,175.05
2021-03-03,arroba,175.05
2021-03-04,arroba,175.05
2021-03-05,arroba,175.05
2021-03-08,arroba,175.05
2021-03-09,arroba,175.05
2021-03-10,arroba,175.05
2021-03-11,arroba,175.05
2021-03-12,arroba,175.05
2021-03-15,arroba,175.05
2021-03-16,arroba,169.95
2021-03-17,arroba,169.95
2021-03-18,arroba,169.95
2021-03-19,arroba,169.95
2021-03-22,arroba,169.95
2021-03-23,arroba,169.95
2021-03-24,arroba,169.95
2021-03-25,arroba,163.15
2021-03-26,arroba,163.15
2021-03-29,arroba,163.15
2021-03-30,arroba,163.15
2021-03-31,arroba,163.15
2021-04-05,arroba,163.15
2021-04-06,arroba,163.15
2021-04-07,arroba,163.15
2021-04-08,arroba,164.85
2021-04-09,arroba,164.85
2021-04-12,arroba,164.85
2021-04-13,arroba,164.85
2021-04-14,arroba,164.85
2021-04-15,arroba,164.85
2021-04-16,arroba,164.85
2021-04-19,arroba,164.85
2021-04-20,arroba,171.65
2021-04-22,arroba,171.65
2021-04-23,arroba,171.65
2021-04-26,arroba,171.65
2021-04-27,arroba,171.65
2021-04-28,arroba,171.65
2021-04-29,arroba,171.65
2021-04-30,arroba,171.65
2021-05-03,arroba,171.65
2021-05-04,arroba,171.65
2021-05-05,arroba,173.35
2021-05-06,arroba,173.35
2021-05-07,arroba,173.35
2021-05-10,arroba,173.35
2021-05-11,arroba,173.35
2021-05-12,arroba,173.35
2021-05-13,arroba,173.35
2021-05-14,arroba,175.05
2021-05-17,arroba,175.05
2021-05-18,arroba,175.05
2021-05-19,arroba,175.05
2021-05-20,arroba,173.35
2021-05-21,arroba,173.35
2021-05-24,arroba,173.35
2021-05-25,arroba,173.35
2021-05-26,arroba,173.35
2021-05-27,arroba,173.35
2021-05-28,arroba,173.35
2021-05-31,arroba,173.35
2021-06-01,arroba,173.35
2021-06-02,arroba,173.35
2021-06-04,arroba,173.35
2021-06-07,arroba,173.35
2021-06-08,arroba,173.35
2021-06-09,arroba,173.35
2021-06-10,arroba,173.35
2021-06-11,arroba,173.35
2021-06-14,arroba,173.35
2021-06-15,arroba,173.35
2021-06-16,arroba,169.27
2021-06-17,arroba,169.27
2021-06-18,arroba,169.27
2021-06-21,arroba,169.27
2021-06-22,arroba,169.27
2021-06-23,arroba,169.27
2021-06-25,arroba,169.27
2021-06-28,arroba,169.27
2021-06-29,arroba,169.27
2021-06-30,arroba,169.27
2021-07-01,arroba,169.27
2021-07-05,arroba,169.27
2021-07-06,arroba,169.27
2021-07-07,arroba,169.27
2021-07-08,arroba,169.27
2021-07-12,arroba,169.27
2021-07-13,arroba,169.27
2021-07-14,arroba,169.27
2021-07-15,arroba,169.27
2021-07-16,arroba,169.95
2021-07-19,arroba,169.95
2021-07-20,arroba,169.95
2021-07-21,arroba,169.95
2021-07-22,arroba,169.95
2021-07-23,arroba,171.65
2021-07-26,arroba,171.65
2021-07-27,arroba,171.65
2021-07-28,arroba,171.65
2021-07-29,arroba,171.65
2021-07-30,arroba,171.65
2021-08-02,arroba,171.65
2021-08-03,arroba,171.65
2021-08-04,arroba,171.65
2021-08-05,arroba,171.65
2021-08-06,arroba,171.65
2021-08-09,arroba,171.65
2021-08-10,arroba,171.65
2021-08-11,arroba,171.65
2021-08-12,arroba,171.65
2021-08-13,arroba,171.65
2021-08-16,arroba,171.65
2021-08-17,arroba,171.65
2021-08-18,arroba,171.65
2021-08-19,arroba,171.65
2021-08-20,arroba,171.65
2021-08-23,arroba,171.65
2021-08-24,arroba,171.65
2021-08-25,arroba,171.65
2021-08-26,arroba,171.65
2021-08-27,arroba,171.65
2021-08-30,arroba,171.65
2021-08-31,arroba,171.65
2021-09-01,arroba,171.65
2021-09-02,arroba,171.65
2021-09-03,arroba,171.65
2021-09-06,arroba,171.65
2021-09-08,arroba,171.65
2021-09-09,arroba,171.65
2021-09-10,arroba,171.65
2021-09-13,arroba,171.65
2021-09-14,arroba,171.65
2021-09-15,arroba,171.65
2021-09-16,arroba,171.65
2021-09-17,arroba,171.65
2021-09-20,arroba,171.65
2021-09-21,arroba,171.65
2021-09-22,arroba,171.65
2021-09-23,arroba,171.65
2021-09-24,arroba,171.65
2021-09-27,arroba,171.65
2021-09-28,arroba,171.65
2021-09-29,arroba,171.65
2021-09-30,arroba,171.65
2021-10-01,arroba,171.65
2021-10-04,arroba,171.65
2021-10-05,arroba,171.65
2021-10-06,arroba,171.65
2021-10-07,arroba,171.65
2021-10-08,arroba,171.65
2021-10-13,arroba,171.65
2021-10-14,arroba,171.65
2021-10-15,arroba,171.65
2021-10-18,arroba,171.65
2021-10-19,arroba,171.65
2021-10-20,arroba,171.65
2021-10-21,arroba,171.65
2021-10-22,arroba,171.65
2021-10-25,arroba,171.65
2021-10-26,arroba,171.65
2021-10-27,arroba,171.65
2021-10-28,arroba,171.65
2021-10-29,arroba,171.65
2021-11-03,arroba,171.65
2021-11-04,arroba,171.65
2021-11-05,arroba,171.65
2021-11-08,arroba,179.4
2021-11-09,arroba,179.4
2021-11-10,arroba,179.4
2021-11-11,arroba,189.5
2021-11-12,arroba,189.0
2021-11-16,arroba,189.0
2021-11-17,arroba,191.0
2021-11-18,arroba,191.0
2021-11-19,arroba,191.0
2021-11-20,arroba,195.0
2021-11-22,arroba,191.0
2021-11-23,arroba,195.0
2021-11-24,arroba,195.0
2021-11-25,arroba,195.0
2021-11-26,arroba,195.0
2021-11-29,arroba,195.0
2021-11-30,arroba,195.0
2021-12-01,arroba,195.0
2021-12-02,arroba,195.0
2021-12-03,arroba,195.0
2021-12-06,arroba,195.0
2021-12-07,arroba,195.0
2021-12-09,arroba,189.0
2021-12-10,arroba,189.0
2021-12-13,arroba,189.0
2021-12-14,arroba,189.0
2021-12-15,arroba,189.0
2021-12-16,arroba,189.0
2021-12-17,arroba,189.0
2021-12-20,arroba,189.0
2021-12-21,arroba,203.5
2021-12-22,arroba,203.5
2021-12-23,arroba,203.5
2021-12-27,arroba,203.5
2021-12-28,arroba,203.5
2021-12-29,arroba,203.5
2022-01-03,arroba,203.5
2022-01-04,arroba,203.5
2022-01-05,arroba,203.5
2022-01-06,arroba,203.5
2022-01-07,arroba,203.5
2022-01-10,arroba,203.5
2022-01-11,arroba,198.0
2022-01-12,arroba,198.0
2022-01-13,arroba,198.0
2022-01-14,arroba,198.0
2022-01-17,arroba,198.0
2022-01-18,arroba,198.0
2022-01-19,arroba,201.0
2022-01-20,arroba,201.0
2022-01-21,arroba,201.0
2022-01-24,arroba,201.0
2022-01-25,arroba,201.0
2022-01-26,arroba,201.0
2022-01-27,arroba,201.0
2022-01-28,arroba,186.0
2022-01-31,arroba,210.0
2022-02-01,arroba,210.0
2022-02-02,arroba,210.0
2022-02-03,arroba,210.0
2022-02-04,arroba,210.0
2022-02-07,arroba,211.5
2022-02-08,arroba,211.5
2022-02-09,arroba,211.5
2022-02-10,arroba,211.5
2022-02-11,arroba,211.5
2022-02-14,arroba,198.0
2022-02-15,arroba,198.0
2022-02-16,arroba,205.5
2022-02-17,arroba,203.4
2022-02-18,arroba,203.4
2022-02-21,arroba,203.4
2022-02-22,arroba,203.4
2022-02-23,arroba,205.5
2022-02-24,arroba,203.4
2022-02-25,arroba,203.4
2022-02-28,arroba,203.4
2022-03-01,arroba,203.4
2022-03-02,arroba,203.4
2022-03-03,arroba,203.4
2022-03-04,arroba,203.4
2022-03-07,arroba,204.0
2022-03-08,arroba,204.0
2022-03-09,arroba,198.0
2022-03-10,arroba,198.0
2022-03-11,arroba,198.0
2022-03-14,arroba,198.0
2022-03-15,arroba,198.0
2022-03-16,arroba,204.0
2022-03-17,arroba,204.0
2022-03-18,arroba,204.0
2022-03-21,arroba,216.0
2022-03-22,arroba,216.0
2022-03-23,arroba,210.0
2022-03-24,arroba,210.0
2022-03-25,arroba,210.0
2022-03-28,arroba,210.0
2022-03-29,arroba,210.0
2022-03-30,arroba,214.5
2022-03-31,arroba,214.5
2022-04-01,arroba,214.5
2022-04-04,arroba,219.0
2022-04-05,arroba,219.0
2022-04-06,arroba,219.0
2022-04-07,arroba,222.0
2022-04-08,arroba,222.0
2022-04-11,arroba,219.0
2022-04-12,arroba,219.0
2022-04-13,arroba,214.5
2022-04-14,arroba,214.5
2022-04-18,arroba,214.5
2022-04-19,arroba,228.0
2022-04-20,arroba,217.5
2022-04-22,arroba,217.5
2022-04-25,arroba,217.5
2022-04-26,arroba,217.5
2022-04-27,arroba,217.5
2022-04-28,arroba,217.5
2022-04-29,arroba,217.5
2022-05-02,arroba,217.5
2022-05-03,arroba,217.5
2022-05-04,arroba,217.5
2022-05-05,arroba,217.5
2022-05-06,arroba,217.5
2022-05-09,arroba,228.0
2022-05-10,arroba,232.5
2022-05-11,arroba,232.5
2022-05-12,arroba,229.5
2022-05-13,arroba,229.5
2022-05-16,arroba,229.5
2022-05-17,arroba,225.0
2022-05-18,arroba,225.0
2022-05-19,arroba,228.0
2022-05-20,arroba,228.0
2022-05-23,arroba,228.0
2022-05-24,arroba,228.0
2022-05-25,arroba,228.0
2022-05-26,arroba,228.0
2022-05-27,arroba,228.0
2022-05-30,arroba,228.0
2022-05-31,arroba,228.0
2022-06-01,arroba,228.0
2022-06-02,arroba,229.5
2022-06-03,arroba,229.5
2022-06-06,arroba,234.0
2022-06-07,arroba,206.0
2022-06-08,arroba,222.0
2022-06-09,arroba,222.0
2022-06-10,arroba,222.0
2022-06-13,arroba,222.0
2022-06-14,arroba,222.0
2022-06-15,arroba,222.0
2022-06-20,arroba,222.0
2022-06-21,arroba,222.0
2022-06-22,arroba,210.0
2022-06-27,arroba,210.0
2022-06-28,arroba,174.0
2022-06-29,arroba,174.0
2022-06-30,arroba,174.0
2022-07-01,arroba,189.0
2022-07-04,arroba,189.0
2022-07-05,arroba,189.0
2022-07-06,arroba,189.0
2022-07-07,arroba,189.0
2022-07-08,arroba,189.0
2022-07-11,arroba,189.0
2022-07-12,arroba,168.0
2022-07-13,arroba,168.0
2022-07-14,arroba,168.0
2022-07-15,arroba,168.0
2022-07-18,arroba,162.0
2022-07-19,arroba,162.0
2022-07-20,arroba,162.0
2022-07-21,arroba,172.5
2022-07-22,arroba,172.5
2022-07-25,arroba,172.5
2022-07-26,arroba,172.5
2022-07-27,arroba,172.5
2022-07-28,arroba,172.5
2022-07-29,arroba,172.5
2022-08-01,arroba,172.5
2022-08-02,arroba,172.5
2022-08-03,arroba,172.5
2022-08-04,arroba,172.5
2022-08-05,arroba,162.0
2022-08-08,arroba,162.0
2022-08-09,arroba,168.0
2022-08-10,arroba,168.0
2022-08-11,arroba,168.0
2022-08-12,arroba,168.0
2022-08-15,arroba,168.0
2022-08-16,arroba,168.0
2022-08-17,arroba,186.0
2022-08-18,arroba,186.0
2022-08-19,arroba,186.0
2022-08-22,arroba,186.0
2022-08-23,arroba,208.2
2022-08-24,arroba,208.2
2022-08-25,arroba,208.2
2022-08-26,arroba,208.0
2022-08-29,arroba,208.0
2022-08-30,arroba,206.0
2022-08-31,arroba,206.0
2022-09-01,arroba,206.0
2022-09-02,arroba,206.0
2022-09-05,arroba,206.0
2022-09-06,arroba,198.0
2022-09-08,arroba,192.0
2022-09-09,arroba,192.9
2022-09-12,arroba,185.4
2022-09-13,arroba,185.4
2022-09-14,arroba,185.4
2022-09-16,arroba,185.4
2022-09-19,arroba,185.4
2022-09-20,arroba,185.4
2022-09-21,arroba,185.4
2022-09-22,arroba,171.0
2022-09-23,arroba,171.0
2022-09-27,arroba,171.0
2022-09-28,arroba,175.5
2022-09-29,arroba,175.5
2022-09-30,arroba,175.5
2022-10-03,arroba,156.0
2022-10-04,arroba,162.0
2022-10-05,arroba,162.0
2022-10-06,arroba,162.0
2022-10-07,arroba,162.0
2022-10-10,arroba,162.0
2022-10-11,arroba,162.0
2022-10-13,arroba,157.5
2022-10-14,arroba,157.5
2022-10-17,arroba,157.5
2022-10-18,arroba,153.0
2022-10-19,arroba,153.0
2022-10-20,arroba,153.0
2022-10-21,arroba,150.0
2022-10-24,arroba,150.0
2022-10-25,arroba,150.0
2022-10-26,arroba,150.0
2022-10-27,arroba,150.0
2022-10-28,arroba,150.0
2022-10-31,arroba,132.0
2022-11-01,arroba,132.0
2022-11-03,arroba,132.0
2022-11-04,arroba,132.0
2022-11-07,arroba,132.0
2022-11-08,arroba,132.0
2022-11-09,arroba,132.0
2022-11-10,arroba,132.0
2022-11-16,arroba,132.0
2022-11-17,arroba,132.0
2022-11-18,arroba,132.0
2022-11-21,arroba,132.0
2022-11-22,arroba,153.0
2022-11-23,arroba,156.0
2022-11-24,arroba,156.0
2022-11-25,arroba,156.0
2022-11-28,arroba,156.0
2022-11-29,arroba,156.0
2022-11-30,arroba,144.0
2022-12-01,arroba,144.0
2022-12-02,arroba,144.0
2022-12-03,arroba,144.0
2022-12-05,arroba,159.0
2022-12-06,arroba,159.0
2022-12-07,arroba,159.0
2022-12-12,arroba,154.2
2022-12-13,arroba,154.2
2022-12-14,arroba,154.2
2022-12-15,arroba,154.2
2022-12-16,arroba,154.2
2022-12-19,arroba,154.2
2022-12-20,arroba,154.2
2022-12-21,arroba,154.2
2022-12-22,arroba,154.2
2022-12-23,arroba,165.0
2022-12-26,arroba,165.0
2022-12-27,arroba,165.0
2022-12-28,arroba,165.0
2022-12-29,arroba,165.0
2022-12-30,arroba,165.0
2023-01-02,arroba,165.0
2023-01-03,arroba,165.0
2023-01-04,arroba,165.0
2023-01-05,arroba,165.0
2023-01-06,arroba,165.0
2023-01-09,arroba,166.5
2023-01-10,arroba,166.5
2023-01-11,arroba,166.5
2023-01-12,arroba,166.5
2023-01-13,arroba,168.0
2023-01-16,arroba,168.0
2023-01-17,arroba,168.0
2023-01-18,arroba,168.0
2023-01-19,arroba,168.0
2023-01-20,arroba,164.7
2023-01-23,arroba,164.7
2023-01-24,arroba,164.7
2023-01-25,arroba,164.7
2023-01-26,arroba,164.7
2023-01-27,arroba,164.7
2023-01-30,arroba,164.7
2023-01-31,arroba,163.5
2023-02-01,arroba,157.5
2023-02-02,arroba,157.5
2023-02-03,arroba,157.5
2023-02-06,arroba,157.5
2023-02-07,arroba,157.5
2023-02-08,arroba,157.5
2023-02-09,arroba,157.5
2023-02-10,arroba,157.5
2023-02-13,arroba,157.5
2023-02-14,arroba,157.5
2023-02-15,arroba,157.5
2023-02-16,arroba,157.5
2023-02-23,arroba,157.5
2023-02-24,arroba,157.5
2023-02-27,arroba,157.5
2023-02-28,arroba,157.5
2023-03-01,arroba,157.5
2023-03-02,arroba,157.5
2023-03-03,arroba,157.5
2023-03-06,arroba,157.5
2023-03-07,arroba,157.5
2023-03-08,arroba,157.5
2023-03-09,arroba,157.5
2023-03-10,arroba,157.5
2023-03-13,arroba,157.5
2023-03-14,arroba,157.5
2023-03-15,arroba,157.5
2023-03-16,arroba,157.5
2023-03-17,arroba,157.5
2023-03-20,arroba,157.5
2023-03-21,arroba,157.0
2023-03-22,arroba,157.5
2023-03-23,arroba,157.5
2023-03-24,arroba,157.5
2023-03-27,arroba,157.5
2023-03-28,arroba,157.5
2023-03-29,arroba,157.5
2023-03-30,arroba,157.5
2023-03-31,arroba,157.5
2023-04-03,arroba,157.5
2023-04-04,arroba,157.5
2023-04-05,arroba,157.5
2023-04-06,arroba,157.5
2023-04-10,arroba,157.5
2023-04-11,arroba,157.5
2023-04-12,arroba,157.5
2023-04-13,arroba,157.5
2023-04-14,arroba,157.5
2023-04-17,arroba,157.5
2023-04-18,arroba,157.5
2023-04-19,arroba,157.5
2023-04-20,arroba,157.5
2023-04-24,arroba,157.5
2023-04-25,arroba,157.5
2023-04-26,arroba,157.5
2023-04-27,arroba,157.5
2023-04-28,arroba,157.5
2023-05-02,arroba,157.5
2023-05-03,arroba,157.5
2023-05-04,arroba,157.5
2023-05-05,arroba,157.5
2023-05-08,arroba,157.5
2023-05-09,arroba,157.5
2023-05-10,arroba,157.5
2023-05-11,arroba,157.5
2023-05-12,arroba,157.5
2023-05-15,arroba,157.5
2023-05-16,arroba,157.5
2023-05-17,arroba,157.5
2023-05-18,arroba,157.5
2023-05-19,arroba,157.5
2023-05-22,arroba,157.5
2023-05-23,arroba,157.5
2023-05-24,arroba,157.5
2023-05-25,arroba,157.5
2023-05-26,arroba,157.5
2023-05-29,arroba,157.5
2023-05-30,arroba,157.5
2023-05-31,arroba,157.5
